search_word,Angry,Fear,Happy,Sad,Surprise
@amazon,0.04059077809798271,0.26452449567723346,0.1039913544668588,0.17178674351585013,0.23260806916426513
